Sr. no.,Message_ID,Customer_Name,Phone_Number,Date,Complaint_Text,Category,Delay_Reason,Delayed_By,Damage_Description,Agency_Responsible,Resolution_Status,Complaint_Severity
1,MSG0001,Vincent Austin,6653806082,28-01-2025,Expert suffer six grow what white success plant try leader.,Missing Item,None,0 days,None,Delivery Partner A,Resolved,High
2,MSG0002,Hunter Spencer,885.904.2098,13-05-2025,Right until people stop recently to act not about.,Late Delivery,Traffic,2 days,None,Delivery Partner A,Escalated,Medium
3,MSG0003,Jessica Thompson,001-692-351-7246x16373,14-01-2025,Opportunity difference leave federal budget budget himself several see.,Rude Staff,None,0 days,None,Delivery Partner B,Escalated,Low
4,MSG0004,Whitney Winters,(353)693-7041x716,15-03-2025,Vote must decision although lawyer natural before far create more benefit bill resource.,Damaged Product,None,0 days,None,In-house Logistics,Resolved,Critical
5,MSG0005,Melissa Craig,938499354,20-03-2025,Nature mother good factor attack either student do force listen.,Wrong Item,None,0 days,None,Delivery Partner B,Pending,Critical
6,MSG0006,Andrew Oliver,+1-128-048-1891x29864,30-05-2025,Less moment large hear deep while article member.,Damaged Product,None,0 days,Leaking,Delivery Partner A,Resolved,Critical
7,MSG0007,April Cain,478077713,15-03-2025,Fund already capital dream section risk skin only show table moment special.,Missing Item,None,0 days,None,Delivery Partner A,Escalated,Low
8,MSG0008,Keith Fisher,039-169-8895x1283,06-04-2025,Like nature show whose idea difficult oil even interest listen free control.,Damaged Product,None,0 days,None,Delivery Partner B,Resolved,Critical
9,MSG0009,Gary Williamson,530.023.1384x121,08-04-2025,Almost market example carry table necessary card difference morning sister official believe.,Damaged Product,None,0 days,Cracked item,In-house Logistics,Escalated,Critical
10,MSG0010,Hector Phillips,641.423.3274x464,10-02-2025,Offer different point yet large tough check fear.,Damaged Product,None,0 days,Broken seal,Warehouse,Pending,High
11,MSG0011,Kim Baker,001-600-026-8403x580,23-04-2025,Wish ability financial painting of town two drug official suffer.,Missing Item,None,0 days,None,Delivery Partner A,Escalated,Low
12,MSG0012,Ann Hardin,001-276-369-8155x39841,25-02-2025,Sure real dark wind behavior simply send some for no gas soon.,Damaged Product,None,0 days,Cracked item,Delivery Partner A,Resolved,Critical
13,MSG0013,Mr. Wesley Berger DDS,-5467,25-04-2025,Class accept woman son pass particular tonight agency would evidence oil plan.,Late Delivery,Traffic,2 days,None,Delivery Partner B,Escalated,Low
14,MSG0014,Robert Stone,001-068-599-4472x12332,04-03-2025,Cold interesting minute front behavior hear official.,Missing Item,None,0 days,None,Warehouse,Resolved,Medium
15,MSG0015,Mike Wallace,(424)259-7331,29-04-2025,High money follow keep partner speak direction eight option attention should strong.,Rude Staff,None,0 days,None,Delivery Partner A,Pending,Medium
16,MSG0016,Kristen Heath,(091)971-4287x605,03-06-2025,Finish believe increase sort herself very.,Missing Item,None,0 days,None,Delivery Partner B,Escalated,High
17,MSG0017,Sherry Tate,096.242.3891,10-03-2025,Four feeling ability allow enough happy action himself your.,Damaged Product,None,0 days,Broken seal,Delivery Partner A,Pending,Critical
18,MSG0018,Brittany Stewart,+1-067-611-2728x55691,09-01-2025,Institution article message nature call region career thus plan customer main reveal Congress.,Late Delivery,Weather,3 days,None,Warehouse,Escalated,High
19,MSG0019,Mary Clark,+1-368-250-6304x29945,10-06-2025,East very teacher record prepare evidence can her tree.,Missing Item,None,0 days,None,Delivery Partner A,Resolved,Critical
20,MSG0020,Nathan Garrett,+1-416-270-7449x7474,10-05-2025,Firm method same modern reason cell into matter sit brother mention our general.,Late Delivery,None,4 days,None,Delivery Partner B,Escalated,High
21,MSG0021,Mr. Chad Gomez,(631)997-4348x9989,07-02-2025,Thus agent bag behavior industry machine him bank.,Rude Staff,None,0 days,None,Delivery Partner A,Resolved,High
22,MSG0022,Jason Walton,921.095.6112x467,23-02-2025,Write lot since region table drop nor wall begin your than picture.,Wrong Item,None,0 days,None,Warehouse,Escalated,Low
23,MSG0023,Anthony Freeman,(977)648-6220,12-06-2025,Thank low someone sound since what market.,Late Delivery,Staff Shortage,3 days,None,Delivery Partner B,Resolved,Low
24,MSG0024,Andrea Long,+1-735-914-1022x12899,20-01-2025,Message south down keep upon group move drop run could third matter.,Wrong Item,None,0 days,None,Warehouse,Resolved,Low
25,MSG0025,Wanda Sullivan,498-628-6140x393,14-04-2025,At training rate me available lawyer glass discussion run.,Rude Staff,None,0 days,None,In-house Logistics,Resolved,Low
26,MSG0026,Sherry Solis,(623)382-1762,13-06-2025,Accept begin direction reality last clearly partner probably car possible idea control.,Late Delivery,None,1 days,None,Warehouse,Escalated,Critical
27,MSG0027,Mr. Philip Smith DDS,582.951.1664,03-01-2025,Billion meeting base thing including worry idea.,Wrong Item,None,0 days,None,Delivery Partner B,Escalated,High
28,MSG0028,Brittney Bradley,001-507-978-4570,25-05-2025,Hand their character common company behind avoid now believe ask.,Rude Staff,None,0 days,None,Delivery Partner A,Pending,Critical
29,MSG0029,Jessica Neal,657.895.7516,19-04-2025,Travel TV trip particular above improve approach about without civil field.,Wrong Item,None,0 days,None,Warehouse,Escalated,High
30,MSG0030,Jim Estrada,(906)465-4394x99509,15-05-2025,Talk PM final person fall stuff end interesting.,Rude Staff,None,0 days,None,Warehouse,Pending,Medium
31,MSG0031,Mary Glover,088.968.9241,08-06-2025,Reality value face hope Mr health later half agent.,Late Delivery,Traffic,5 days,None,In-house Logistics,Resolved,Low
32,MSG0032,Angelica Smith,001-614-794-1336x30718,27-02-2025,Thing lot close question nor up especially official arm trip.,Missing Item,None,0 days,None,Delivery Partner A,Escalated,High
33,MSG0033,Roger Olson,(808)356-4999x99193,01-02-2025,Still quality finish lawyer view effort member.,Wrong Item,None,0 days,None,In-house Logistics,Resolved,High
34,MSG0034,Heather Cruz,(746)576-9097x46583,03-05-2025,Direction doctor together discussion writer remember provide between drug field.,Damaged Product,None,0 days,Broken seal,In-house Logistics,Pending,Low
35,MSG0035,Jeremy Simpson,001-833-498-0522,29-03-2025,Gun left later performance tax continue value ten term new benefit.,Damaged Product,None,0 days,Leaking,Delivery Partner A,Pending,High
36,MSG0036,Angela Dixon,936-057-3936,20-03-2025,Decide research law manager thing others.,Late Delivery,Technical Issue,5 days,None,Delivery Partner A,Resolved,Medium
37,MSG0037,Joel Williams,210.654.7165x2668,06-03-2025,Wall fast ever bad foot purpose result consumer through leave baby a.,Wrong Item,None,0 days,None,Delivery Partner B,Escalated,Critical
38,MSG0038,Heather Taylor,001-775-591-8717x9705,24-04-2025,Especially professor mouth be remain push dog protect change rise hundred throw usually.,Damaged Product,None,0 days,Cracked item,Delivery Partner B,Escalated,Low
39,MSG0039,Becky Lawrence,001-286-121-4209x285,10-02-2025,Space involve well PM feeling cost concern cut sense kind.,Wrong Item,None,0 days,None,Delivery Partner A,Escalated,Medium
40,MSG0040,Jordan Cain,271.346.0886,15-03-2025,Rule dinner good cover environmental figure close.,Rude Staff,None,0 days,None,Warehouse,Pending,Critical
41,MSG0041,Kevin Mullen,104.002.5148x7361,25-02-2025,Politics low way win window way close weight media.,Missing Item,None,0 days,None,Delivery Partner B,Escalated,Medium
42,MSG0042,Cody Wilson,842.911.2092,07-06-2025,Shake firm history security stop consumer strategy good figure.,Wrong Item,None,0 days,None,Delivery Partner A,Resolved,Low
43,MSG0043,Whitney Hawkins,001-479-898-3636x3594,12-03-2025,Human character owner cost training continue near claim natural likely section between.,Missing Item,None,0 days,None,Delivery Partner A,Resolved,Critical
44,MSG0044,Michael Newman,+1-696-001-4082x8558,03-01-2025,Perhaps until several body probably conference.,Damaged Product,None,0 days,None,Delivery Partner B,Pending,Critical
45,MSG0045,Joseph Martinez,(832)499-5370x3871,15-06-2025,Explain expect season after good always control other cup music arm radio member.,Wrong Item,None,0 days,None,Warehouse,Pending,Critical
46,MSG0046,Thomas Stokes,584-154-1142,18-01-2025,However establish drop herself truth meet cover evidence write whose wonder.,Late Delivery,Technical Issue,1 days,None,Delivery Partner A,Resolved,Critical
47,MSG0047,Samantha Turner,001-417-969-9289x7335,19-01-2025,There likely rich part raise so out now nor table box.,Missing Item,None,0 days,None,Delivery Partner B,Resolved,High
48,MSG0048,Edward Ross,503.580.3208x6608,19-02-2025,Street turn offer detail heavy include often your Republican do physical Mrs computer.,Late Delivery,Staff Shortage,3 days,None,Warehouse,Escalated,Low
49,MSG0049,Edward Martin,(416)558-4881x717,14-04-2025,Southern huge art protect explain lay usually eat coach instead until.,Missing Item,None,0 days,None,Warehouse,Pending,Critical
50,MSG0050,Grace Page,001-610-851-7742x476,21-05-2025,Already according address though so note majority per anyone indicate risk.,Wrong Item,None,0 days,None,In-house Logistics,Escalated,Medium
51,MSG0051,Madeline Spencer,456-903-3611,24-01-2025,Half investment heart writer prevent community career wind ago common wish deal somebody.,Wrong Item,None,0 days,None,Delivery Partner B,Resolved,Medium
52,MSG0052,Steven Stephens,-2632,30-05-2025,Red good discuss air need require budget how.,Missing Item,None,0 days,None,Delivery Partner A,Resolved,High
53,MSG0053,Tiffany Hahn DDS,(217)405-6390x4280,11-05-2025,Perhaps sign order force energy economic thousand central ready agent cell sort take.,Rude Staff,None,0 days,None,Delivery Partner A,Resolved,Medium
54,MSG0054,Sarah Hensley,(958)770-8315,08-02-2025,Perhaps only once region follow fund general over window.,Damaged Product,None,0 days,Broken seal,Delivery Partner B,Pending,Low
55,MSG0055,Diana Graham,001-859-324-3311,07-02-2025,Rock ready image work meet garden second president amount act event.,Missing Item,None,0 days,None,In-house Logistics,Escalated,Medium
56,MSG0056,Jennifer Hudson,662.494.6356x34709,20-04-2025,Through far range money quite talk economy discuss.,Damaged Product,None,0 days,None,Delivery Partner B,Resolved,High
57,MSG0057,Nathaniel Thompson,420.811.1277,19-02-2025,Defense strategy growth stuff human with then actually day say piece many.,Rude Staff,None,0 days,None,Warehouse,Resolved,Low
58,MSG0058,Laura Farrell,+1-692-027-5922x59105,20-01-2025,Tv sit economy yard finally food system.,Missing Item,None,0 days,None,Delivery Partner B,Escalated,Low
59,MSG0059,Maureen Freeman,-7180,19-03-2025,Nor herself glass project car house discuss water avoid sea institution business.,Missing Item,None,0 days,None,Delivery Partner B,Resolved,Critical
60,MSG0060,Gregory Mclaughlin,(511)190-2041x1001,27-04-2025,Manager four discuss push store everybody wind top although consider less.,Wrong Item,None,0 days,None,Delivery Partner B,Escalated,High
61,MSG0061,Sandra Hensley,+1-417-953-8521x85341,04-02-2025,Often finally rule toward newspaper pass relationship provide.,Damaged Product,None,0 days,Scratched surface,Warehouse,Resolved,High
62,MSG0062,Dylan Brown,105-335-7784,14-04-2025,Until order police south child remember traditional their develop region.,Late Delivery,None,2 days,None,Delivery Partner B,Escalated,Low
63,MSG0063,Joshua Jones,(962)234-8332,02-01-2025,Only likely small early time take perform speech good recent.,Late Delivery,Technical Issue,1 days,None,Delivery Partner A,Escalated,Critical
64,MSG0064,Jason Preston,958-842-6426x667,19-04-2025,Answer medical determine artist culture level.,Missing Item,None,0 days,None,Delivery Partner A,Resolved,Critical
65,MSG0065,Michelle Barrett,049-010-8301x415,09-02-2025,Write center about art hot court sort writer best seem.,Damaged Product,None,0 days,Broken seal,Delivery Partner B,Escalated,Medium
66,MSG0066,Dillon Doyle,505.210.5118,23-03-2025,Rather prevent center various left necessary which down instead interest fish process.,Wrong Item,None,0 days,None,Delivery Partner A,Escalated,Low
67,MSG0067,Christine Costa,+1-621-078-5945x61750,23-02-2025,Tv strategy number art attack receive social year money science.,Wrong Item,None,0 days,None,In-house Logistics,Escalated,Medium
68,MSG0068,Annette Nelson,+1-394-508-5432x90135,08-06-2025,Claim thought lay peace ready television off lose already.,Damaged Product,None,0 days,Leaking,Delivery Partner A,Pending,Low
69,MSG0069,Natalie Bowman,(351)467-8763x94290,08-02-2025,Wrong describe beyond popular performance red produce difficult a first.,Damaged Product,None,0 days,Scratched surface,Delivery Partner B,Pending,Low
70,MSG0070,Wendy Garner,885.313.0082x56851,29-01-2025,Agreement party color hope collection near top against.,Missing Item,None,0 days,None,Warehouse,Resolved,Critical
71,MSG0071,Hailey Reese,+1-864-575-0406x81002,13-05-2025,Democratic indeed west police between figure free ago give collection partner thus.,Wrong Item,None,0 days,None,Warehouse,Resolved,High
72,MSG0072,Steven Estrada,878-714-4086x7073,29-04-2025,Win best soon drop purpose throw if major anything appear painting.,Late Delivery,Traffic,3 days,None,In-house Logistics,Resolved,Low
73,MSG0073,Brandi Hobbs,001-069-150-8744,11-01-2025,Number wife small option movie go receive speak in within model forward.,Late Delivery,Traffic,5 days,None,Warehouse,Pending,Medium
74,MSG0074,Denise Price,202-418-3041x9527,20-01-2025,Believe owner current behind prove race want meet serious.,Late Delivery,Traffic,1 days,None,Warehouse,Pending,Critical
75,MSG0075,Crystal Charles,979.420.8651x770,01-01-2025,Little why upon may evidence glass foreign quality position.,Missing Item,None,0 days,None,Delivery Partner A,Pending,High
76,MSG0076,Maureen Church,(332)308-6632,04-04-2025,Many expert month thank determine everyone left green still rather however their newspaper.,Missing Item,None,0 days,None,In-house Logistics,Pending,Low
77,MSG0077,Jason Leonard,001-839-022-9335x191,24-04-2025,Environmental middle against lawyer administration method sometimes television behavior floor establish information door.,Rude Staff,None,0 days,None,Delivery Partner A,Pending,Critical
78,MSG0078,Kevin Wright,644-718-7189x309,08-02-2025,Reduce weight possible behavior piece according recognize.,Rude Staff,None,0 days,None,Delivery Partner A,Pending,High
79,MSG0079,Keith Duran,(880)240-2010x1316,14-04-2025,Husband easy stage mean provide own fly mind.,Late Delivery,None,4 days,None,Delivery Partner B,Pending,High
80,MSG0080,Patrick Mullins,-7546,17-05-2025,Them theory age simple teacher that pretty group former.,Damaged Product,None,0 days,Cracked item,In-house Logistics,Resolved,High
81,MSG0081,Kathleen Williams,321.751.5123x4444,31-05-2025,Word pull recent protect card source thousand inside remember wife imagine laugh pattern.,Wrong Item,None,0 days,None,In-house Logistics,Escalated,High
82,MSG0082,Jon Marks,(953)992-3578,05-02-2025,Color wear too form all try oil team energy measure maintain professional painting event.,Rude Staff,None,0 days,None,Warehouse,Escalated,Critical
83,MSG0083,Lisa Gates,553-047-6833,07-03-2025,Unit practice possible accept while series enter chair call budget purpose reveal water.,Late Delivery,None,5 days,None,In-house Logistics,Resolved,High
84,MSG0084,Brian Pope,001-547-719-2110,31-03-2025,Fight important community series last energy if under unit adult group career.,Late Delivery,Staff Shortage,4 days,None,In-house Logistics,Pending,High
85,MSG0085,Danielle Olson,001-329-215-7304x155,23-05-2025,Discuss girl actually base alone my size performance individual forward expect on.,Late Delivery,Traffic,1 days,None,Delivery Partner A,Pending,Critical
86,MSG0086,Nina Nash,002.522.8421,11-02-2025,Cultural another base baby yeah piece fund card majority detail federal material.,Damaged Product,None,0 days,Leaking,Delivery Partner B,Pending,Critical
87,MSG0087,Ashley Sweeney,719-802-1604x42724,11-03-2025,Have TV though no democratic say talk skill forward especially main you.,Missing Item,None,0 days,None,In-house Logistics,Pending,High
88,MSG0088,Shawn Huff,001-689-689-4666x5500,25-01-2025,Care first everything middle important believe reduce.,Missing Item,None,0 days,None,Warehouse,Resolved,Low
89,MSG0089,Philip Davis,4389642151,09-01-2025,Model notice all significant sometimes fill bed show him notice dog.,Wrong Item,None,0 days,None,In-house Logistics,Pending,Low
90,MSG0090,Megan Howe,+1-905-637-9186x48936,03-02-2025,Yeah quickly idea final often production able.,Wrong Item,None,0 days,None,Delivery Partner B,Resolved,High
91,MSG0091,Christine Bell,(868)649-4180,06-06-2025,Experience themselves training court foot industry.,Late Delivery,Weather,2 days,None,Warehouse,Resolved,Medium
92,MSG0092,Kyle Porter,-7866,15-05-2025,Popular enter here much action go physical form.,Wrong Item,None,0 days,None,In-house Logistics,Pending,Critical
93,MSG0093,Jonathan Patterson,(586)380-9285x790,24-05-2025,Own community fall she site far current value.,Wrong Item,None,0 days,None,In-house Logistics,Pending,High
94,MSG0094,Deborah Davidson,2019643556,15-01-2025,Late education music grow build instead example start mission front up media surface.,Missing Item,None,0 days,None,In-house Logistics,Pending,Medium
95,MSG0095,Heather Jones,(890)132-4331,21-04-2025,Style decide attack call wide experience.,Late Delivery,Technical Issue,3 days,None,In-house Logistics,Pending,Critical
96,MSG0096,Kristen Daniels,001-993-505-5846x711,28-01-2025,Six professional blood program natural seek skill yard place certain blue happen claim.,Late Delivery,None,4 days,None,In-house Logistics,Resolved,Medium
97,MSG0097,Charles Evans,+1-599-835-7661x07011,13-02-2025,Mouth art positive former social study simply deep these art.,Wrong Item,None,0 days,None,Delivery Partner A,Resolved,High
98,MSG0098,Alyssa Lowery,-6348,11-01-2025,General water at model add maybe bit really war participant her value professor.,Damaged Product,None,0 days,Cracked item,Warehouse,Resolved,Critical
99,MSG0099,James Adams,001-061-190-8261x530,24-04-2025,Suggest lead its someone family pretty hard now.,Late Delivery,Traffic,1 days,None,In-house Logistics,Escalated,Low
100,MSG0100,Jennifer Rodriguez,583.352.7078x2617,30-03-2025,Interesting he eight medical eight professor bank first bring something little.,Rude Staff,None,0 days,None,In-house Logistics,Pending,High
101,MSG0101,Michael Meyer,(025)585-8203x3946,19-01-2025,Machine film which threat follow past once notice that study.,Late Delivery,Technical Issue,3 days,None,Warehouse,Pending,Critical
102,MSG0102,Jason Shaffer,1762524521,22-04-2025,Here garden machine later agree ok finally tough difficult southern stage.,Rude Staff,None,0 days,None,In-house Logistics,Pending,Medium
103,MSG0103,Jamie Sheppard,(637)240-9956x47117,11-01-2025,Officer until career career on bank.,Missing Item,None,0 days,None,In-house Logistics,Pending,Medium
104,MSG0104,Jessica Bennett,-4043,02-06-2025,Enter production us high himself short field child sure language bill.,Damaged Product,None,0 days,None,Delivery Partner B,Escalated,Medium
105,MSG0105,Timothy Morales,001-308-565-1771x59309,07-03-2025,Major spring yet respond avoid black interview reveal bring.,Rude Staff,None,0 days,None,Delivery Partner A,Resolved,Medium
106,MSG0106,Brett Nguyen,8216548253,22-05-2025,Culture as PM million a enter wish watch finish population require.,Rude Staff,None,0 days,None,Delivery Partner A,Pending,High
107,MSG0107,Erin Hayes,654-480-6424x85525,02-01-2025,Either management animal team speak daughter without write memory father consider new.,Late Delivery,Traffic,3 days,None,In-house Logistics,Resolved,High
108,MSG0108,Noah Padilla,+1-330-690-0079x199,16-05-2025,Center result hair responsibility accept sort majority any challenge benefit water.,Rude Staff,None,0 days,None,Warehouse,Resolved,Medium
109,MSG0109,George Smith,(342)539-4544x43646,20-01-2025,Election democratic affect time raise town tonight leader key station score draw.,Damaged Product,None,0 days,Leaking,In-house Logistics,Escalated,Medium
110,MSG0110,Ronald Hill,(240)899-9819x78486,02-04-2025,Rule song media detail break measure parent computer stuff cell and really they.,Late Delivery,Traffic,4 days,None,Warehouse,Pending,High
111,MSG0111,Matthew Henderson,001-321-287-7063x57856,20-04-2025,Century ball street out course down people itself.,Late Delivery,Staff Shortage,3 days,None,Delivery Partner B,Escalated,High
112,MSG0112,Michael Smith,(314)062-0808x1460,04-05-2025,Red inside push everybody camera process.,Wrong Item,None,0 days,None,Warehouse,Pending,Critical
113,MSG0113,Robert Harris,584-890-3215,07-02-2025,Fight television suddenly create improve weight town enough take song open conference performance.,Missing Item,None,0 days,None,Delivery Partner B,Escalated,Medium
114,MSG0114,John Neal,921.841.3016,15-03-2025,Deal senior day maybe fine security away away least relationship continue.,Damaged Product,None,0 days,Broken seal,Warehouse,Pending,Medium
115,MSG0115,Gary Ray,389.023.1028,29-05-2025,Character voice cost machine education organization might pattern bill late team change wait.,Missing Item,None,0 days,None,Delivery Partner B,Pending,Medium
116,MSG0116,Angela Patel,(008)894-9649,17-01-2025,Challenge popular identify laugh morning young focus every.,Damaged Product,None,0 days,Broken seal,Warehouse,Resolved,Critical
117,MSG0117,Vincent Robinson,359-193-2161x0897,30-04-2025,Opportunity letter material during thank no attorney avoid able health while perhaps why.,Wrong Item,None,0 days,None,Warehouse,Escalated,Critical
118,MSG0118,Ian Cox,(478)911-0854,30-03-2025,Offer establish down material society manager.,Wrong Item,None,0 days,None,Warehouse,Pending,Critical
119,MSG0119,Cameron Alvarez,4760801107,23-01-2025,Tree everybody maintain religious range morning accept here adult building series law.,Wrong Item,None,0 days,None,In-house Logistics,Escalated,Critical
120,MSG0120,Dennis Leon,544.467.3371,20-02-2025,Kind skill several above American sport also.,Rude Staff,None,0 days,None,Warehouse,Pending,High
121,MSG0121,Mark Sims,896-744-7807x216,09-02-2025,Agency personal certainly shake thing benefit minute reduce key even wish.,Wrong Item,None,0 days,None,Delivery Partner A,Resolved,Critical
122,MSG0122,Samuel Maxwell,001-726-802-8812,14-01-2025,Human factor worker daughter cause successful forward.,Damaged Product,None,0 days,Broken seal,In-house Logistics,Resolved,High
123,MSG0123,Alyssa Reynolds,758.234.2469x96436,14-01-2025,Course it son within gas response room cold social over.,Rude Staff,None,0 days,None,Delivery Partner A,Escalated,Medium
124,MSG0124,Dr. Samuel Austin,+1-431-349-7924x86893,25-04-2025,Return sell hour appear list tell.,Rude Staff,None,0 days,None,Delivery Partner B,Resolved,Critical
125,MSG0125,Kimberly Johnson,496.094.9901x6780,19-05-2025,Relate take early tend religious wall oil financial.,Missing Item,None,0 days,None,Delivery Partner B,Resolved,High
126,MSG0126,Michael Gray,001-566-418-0755x4753,25-04-2025,Me politics finish sure painting own different night speak itself store.,Missing Item,None,0 days,None,In-house Logistics,Escalated,Low
127,MSG0127,Sean Ramirez,286-524-6529,16-02-2025,Decision despite author work structure ground.,Damaged Product,None,0 days,Broken seal,Warehouse,Pending,High
128,MSG0128,Joshua Mosley,001-293-471-3481x13435,14-05-2025,Since total most challenge current break range under he firm several position.,Late Delivery,Weather,4 days,None,In-house Logistics,Pending,High
129,MSG0129,Cassidy Rodriguez,436.322.6761,01-06-2025,Eight sea day rate could still like theory.,Late Delivery,None,4 days,None,Warehouse,Resolved,Medium
130,MSG0130,Briana Rice,001-062-364-4467,29-05-2025,Activity born reveal hold cut control fear particularly decade watch will.,Wrong Item,None,0 days,None,Delivery Partner B,Escalated,Medium
131,MSG0131,Taylor Murphy,+1-462-936-1306x55566,27-03-2025,Machine artist try anything such price animal.,Missing Item,None,0 days,None,Warehouse,Resolved,Critical
132,MSG0132,Mary Long,3601163196,07-06-2025,Difficult both win shake between draw.,Missing Item,None,0 days,None,Warehouse,Escalated,Critical
133,MSG0133,Donna Johnson,028.946.6496,29-03-2025,Blood sound factor become event fund know sit buy radio situation beyond.,Rude Staff,None,0 days,None,Delivery Partner A,Resolved,Medium
134,MSG0134,Logan Sanchez,241-233-8827x3172,12-02-2025,Yet ago size resource threat real this teach artist low generation south.,Rude Staff,None,0 days,None,Delivery Partner B,Pending,Low
135,MSG0135,Joshua Rodriguez,(873)003-3173x17455,14-05-2025,Plan father little two I house believe with father.,Missing Item,None,0 days,None,In-house Logistics,Escalated,Critical
136,MSG0136,Aaron Rodgers,001-677-082-2447x1824,14-02-2025,Mr magazine may after job care science.,Rude Staff,None,0 days,None,Delivery Partner B,Escalated,Low
137,MSG0137,Cindy Chavez,(739)986-5510x753,14-06-2025,Letter know window as miss stop author life plan practice.,Missing Item,None,0 days,None,Delivery Partner B,Resolved,High
138,MSG0138,Jamie Yang,+1-850-930-7841x6470,06-03-2025,Mind relationship recognize with goal strong security simply realize despite child she whatever.,Damaged Product,None,0 days,Leaking,Delivery Partner A,Resolved,High
139,MSG0139,Katie Frazier,840-206-0967x393,08-01-2025,Summer wonder stage science drop popular behind community actually itself economy.,Damaged Product,None,0 days,Scratched surface,In-house Logistics,Pending,Critical
140,MSG0140,Rachel Santana,1085897417,05-01-2025,General soldier piece bring partner product drug money least significant group strong assume.,Damaged Product,None,0 days,Broken seal,In-house Logistics,Escalated,Critical
141,MSG0141,James Harris,4495675315,26-05-2025,Ground campaign history reduce form discussion study close opportunity customer son.,Rude Staff,None,0 days,None,In-house Logistics,Escalated,Critical
142,MSG0142,Jenny Harris,(070)843-8261,05-03-2025,Outside lead mission point surface national education.,Damaged Product,None,0 days,Scratched surface,Delivery Partner A,Escalated,Critical
143,MSG0143,Richard Washington,2131692160,23-05-2025,Member stand notice in carry thought perhaps.,Late Delivery,Technical Issue,5 days,None,In-house Logistics,Escalated,Critical
144,MSG0144,John Williams,001-678-688-3834x0752,14-04-2025,Fall hundred performance production however report leave black themselves physical also environment.,Late Delivery,Staff Shortage,4 days,None,Warehouse,Pending,Critical
145,MSG0145,Shaun Stein,+1-013-880-7904x5066,23-03-2025,Yes center because mean rock degree science.,Damaged Product,None,0 days,None,Delivery Partner A,Resolved,High
146,MSG0146,Joe Gonzalez,(969)184-3144,16-06-2025,Security now thousand away six scene job necessary.,Damaged Product,None,0 days,Cracked item,In-house Logistics,Pending,High
147,MSG0147,Lindsay Chang,6987988670,28-04-2025,Set interesting sort talk program every yourself sound late window others.,Wrong Item,None,0 days,None,Delivery Partner A,Escalated,High
148,MSG0148,Leroy Diaz,188.991.1457,08-02-2025,Term safe exist child follow create southern century behavior benefit.,Rude Staff,None,0 days,None,Delivery Partner A,Escalated,High
149,MSG0149,Chad Harrison,249-835-7154x81280,12-05-2025,Vote hit reflect star cover drug network woman.,Damaged Product,None,0 days,Broken seal,Delivery Partner A,Resolved,Low
150,MSG0150,Ruth Brooks,609.440.1526x18588,05-01-2025,Wait live kid rate finish number low summer parent management good born.,Rude Staff,None,0 days,None,Delivery Partner B,Resolved,Low
151,MSG0151,Jason Williams,-6867,12-01-2025,Across east chair create station his better.,Damaged Product,None,0 days,Leaking,Delivery Partner B,Escalated,Critical
152,MSG0152,Jeffrey Williams,471.703.9796,24-05-2025,Animal security our type field current suggest act away question social win.,Rude Staff,None,0 days,None,Delivery Partner B,Resolved,Critical
153,MSG0153,Philip Valenzuela,-2101,20-04-2025,Policy ground ten finally dinner girl friend social need fact.,Late Delivery,Technical Issue,1 days,None,In-house Logistics,Resolved,Low
154,MSG0154,Amanda Smith,438-164-4986x8028,23-02-2025,Sea group act degree strategy maintain maintain painting arrive visit.,Late Delivery,Weather,1 days,None,Warehouse,Resolved,Low
155,MSG0155,Isabella Chapman,479.980.6994x98118,05-04-2025,Run likely attention reflect almost economic kitchen home best your factor.,Damaged Product,None,0 days,None,In-house Logistics,Resolved,High
156,MSG0156,Derek Gardner,5331556182,02-04-2025,Both identify her walk all month over security successful month son.,Late Delivery,Weather,2 days,None,In-house Logistics,Pending,High
157,MSG0157,David Green,(313)281-8590,24-05-2025,Wrong themselves if prove not democratic six.,Missing Item,None,0 days,None,Delivery Partner B,Pending,Low
158,MSG0158,Tanya Martin,001-732-837-6357x59047,25-04-2025,Edge this social audience there production.,Damaged Product,None,0 days,Broken seal,Warehouse,Pending,Medium
159,MSG0159,Jesus Campbell,370.600.6003x207,10-06-2025,Agreement final central impact ask fall occur difficult issue suffer indeed visit.,Late Delivery,Technical Issue,5 days,None,In-house Logistics,Resolved,High
160,MSG0160,Kevin Poole,648.612.7119x92706,20-03-2025,Well everything history model author air.,Late Delivery,Staff Shortage,3 days,None,Warehouse,Resolved,High
161,MSG0161,Natasha Booker,(664)244-4824,17-03-2025,Unit result expect well bill whatever spring address sing discuss may data sport.,Damaged Product,None,0 days,Broken seal,Warehouse,Resolved,Low
162,MSG0162,Elizabeth Schmidt,001-792-241-0577x4454,28-01-2025,Born keep bill example difficult picture these.,Rude Staff,None,0 days,None,Delivery Partner A,Pending,High
163,MSG0163,Sarah Williams,+1-665-364-4791x68909,12-02-2025,Here land improve season hear kid role without great Congress take option agent.,Wrong Item,None,0 days,None,In-house Logistics,Resolved,Critical
164,MSG0164,Mike Patel,+1-271-767-3420x2518,13-05-2025,Among past yard surface kid letter hospital analysis.,Late Delivery,Staff Shortage,3 days,None,In-house Logistics,Resolved,Critical
165,MSG0165,Deborah Martin,+1-103-697-8990x44520,11-05-2025,Hour local success successful source young for subject expect democratic.,Rude Staff,None,0 days,None,Warehouse,Resolved,Medium
166,MSG0166,Audrey Spencer,515.988.9523x744,24-03-2025,Worker policy partner through able character method road build wear.,Damaged Product,None,0 days,Leaking,Delivery Partner B,Escalated,Low
167,MSG0167,Mary Allen,694-221-3885x50575,01-04-2025,Suddenly speech money new center let cold what season.,Wrong Item,None,0 days,None,In-house Logistics,Pending,Critical
168,MSG0168,Daniel Castro,2650542881,01-05-2025,Represent capital short today that leader college current general.,Wrong Item,None,0 days,None,Warehouse,Escalated,High
169,MSG0169,James Jones,140.474.7677,22-04-2025,His page memory probably economy increase.,Late Delivery,None,2 days,None,In-house Logistics,Pending,High
170,MSG0170,Susan Fletcher,952.786.8047,19-04-2025,Moment other represent factor lay meet throw another offer yourself term positive.,Wrong Item,None,0 days,None,Delivery Partner A,Pending,Critical
171,MSG0171,Anthony Martin,+1-292-592-2237x9577,09-03-2025,Protect health team dream rock pretty perform address establish today employee suggest dinner.,Missing Item,None,0 days,None,Delivery Partner A,Resolved,Medium
172,MSG0172,John Poole,(497)426-9819,21-04-2025,Sure whom forward natural every total enough address present.,Missing Item,None,0 days,None,Delivery Partner A,Pending,Medium
173,MSG0173,Nathaniel Castro,(381)178-6202,13-04-2025,Tough hit spring view believe always too.,Rude Staff,None,0 days,None,Delivery Partner B,Resolved,Low
174,MSG0174,Jaime Bowers,+1-018-289-1076x658,28-03-2025,Movement public today rest girl water street everybody life someone.,Late Delivery,Weather,1 days,None,Delivery Partner A,Pending,Low
175,MSG0175,Chad Montgomery,001-610-876-0836x934,22-05-2025,Necessary painting sure per across near several all a.,Missing Item,None,0 days,None,Delivery Partner A,Pending,Low
176,MSG0176,James Carter,019-242-3351x09269,28-01-2025,Find such project writer participant wait raise thousand remember church within never his child.,Rude Staff,None,0 days,None,Delivery Partner B,Escalated,High
177,MSG0177,Robin Curry,229-268-2084x71933,07-06-2025,Entire idea miss may maintain collection.,Late Delivery,Staff Shortage,2 days,None,In-house Logistics,Escalated,Medium
178,MSG0178,Margaret Martinez,8787697700,20-02-2025,I theory she source almost spend.,Damaged Product,None,0 days,Cracked item,Delivery Partner B,Pending,High
179,MSG0179,Elizabeth Ayala,089-382-1747,12-04-2025,Dream watch little to anything take pick middle traditional exactly daughter beautiful.,Rude Staff,None,0 days,None,In-house Logistics,Escalated,Medium
180,MSG0180,Daniel Lambert,001-355-688-7209x7209,17-03-2025,Election sea same control business general seek health very picture visit by.,Rude Staff,None,0 days,None,Delivery Partner B,Resolved,Low
181,MSG0181,Clarence Adams,(650)953-1100,09-06-2025,Three pull student stay challenge offer cover foreign trade green foreign situation.,Damaged Product,None,0 days,Scratched surface,In-house Logistics,Escalated,Low
182,MSG0182,Karina Myers,517.663.2670x543,21-04-2025,Sign administration activity make down still way choice.,Damaged Product,None,0 days,Leaking,Delivery Partner B,Pending,Low
183,MSG0183,Adam Chaney,(044)219-2327x49676,17-04-2025,Ever quickly yeah effect certainly nation heavy instead former respond gas.,Late Delivery,Traffic,5 days,None,Delivery Partner A,Pending,Low
184,MSG0184,Emily Cunningham,344.868.3597,24-03-2025,Assume material every character always safe well cut author teacher every.,Damaged Product,None,0 days,Leaking,Delivery Partner A,Resolved,High
185,MSG0185,Matthew Allen,092-447-8294,30-03-2025,Have win professor when hit receive sport order watch total.,Late Delivery,Staff Shortage,5 days,None,Warehouse,Escalated,Medium
186,MSG0186,Olivia Gomez DDS,(516)329-5919,11-03-2025,Plant his task name four public our.,Missing Item,None,0 days,None,Delivery Partner A,Escalated,Medium
187,MSG0187,Tabitha Moore,-6560,23-02-2025,Against race generation order no letter TV standard not.,Late Delivery,Weather,5 days,None,Warehouse,Escalated,High
188,MSG0188,Sarah Castro,(773)492-2103x0566,27-04-2025,Wish upon field positive ask anyone we college.,Missing Item,None,0 days,None,In-house Logistics,Resolved,Medium
189,MSG0189,Daniel Alvarez,+1-935-670-6181x0241,30-04-2025,Woman total laugh thus box allow between establish perform source yet.,Wrong Item,None,0 days,None,Warehouse,Pending,High
190,MSG0190,Reginald Bird,611.341.3999x22523,15-01-2025,Age anything build fine floor past develop thought eat theory hand fight.,Missing Item,None,0 days,None,In-house Logistics,Escalated,Low
191,MSG0191,Caitlyn Ruiz,001-214-025-9009x45903,31-05-2025,Able all particularly professor work opportunity usually.,Wrong Item,None,0 days,None,Delivery Partner A,Escalated,Low
192,MSG0192,Jennifer Jones,+1-724-503-2236x1708,09-06-2025,Rise through newspaper article happy idea agreement near between door.,Damaged Product,None,0 days,Cracked item,Delivery Partner B,Resolved,Critical
193,MSG0193,Shawn Perez,-6682,14-03-2025,Strong late class detail expect black.,Missing Item,None,0 days,None,Delivery Partner B,Pending,Medium
194,MSG0194,Mr. Robert Carey MD,901-890-3290x001,11-02-2025,Race after prove purpose lot staff sport one off organization kitchen those say.,Damaged Product,None,0 days,Leaking,Delivery Partner A,Resolved,Medium
195,MSG0195,Billy Taylor DDS,5444330132,30-04-2025,Green everyone rise check fire this.,Damaged Product,None,0 days,Cracked item,Warehouse,Escalated,Medium
196,MSG0196,Brian Glenn,(049)087-6631,24-02-2025,Body party fast as save country structure culture during cell.,Wrong Item,None,0 days,None,In-house Logistics,Pending,Critical
197,MSG0197,Maria Foster,688-278-4226,07-05-2025,To eye summer thing lay page own but development knowledge however.,Damaged Product,None,0 days,Leaking,In-house Logistics,Pending,Medium
198,MSG0198,Luke Taylor,+1-501-986-8954x42799,22-03-2025,Deep next indeed kid like for too or series inside.,Late Delivery,Weather,2 days,None,Warehouse,Resolved,High
199,MSG0199,Bobby Hughes,-3207,25-03-2025,Such take nor politics example necessary life us space up notice.,Wrong Item,None,0 days,None,In-house Logistics,Pending,Medium
200,MSG0200,Donald Walsh,-4357,16-05-2025,Writer them center indeed you here data.,Late Delivery,Staff Shortage,3 days,None,Delivery Partner B,Resolved,Low
201,MSG0201,Maria Hart,001-454-026-2463x92491,27-02-2025,Various behind staff nor why wear picture by smile woman series.,Wrong Item,None,0 days,None,Warehouse,Pending,Low
202,MSG0202,Tyler Jones,(782)853-9631x513,14-04-2025,Same prevent season there plant chance manager trial defense already item.,Wrong Item,None,0 days,None,Delivery Partner B,Pending,Medium
203,MSG0203,Alexandra Taylor,706.989.8710x87914,15-02-2025,Third range consumer expect team food treatment hit body.,Damaged Product,None,0 days,None,Delivery Partner A,Resolved,Critical
204,MSG0204,Caitlin Bates,015.000.6054x6952,26-02-2025,Act the about cut specific charge director end section situation.,Damaged Product,None,0 days,None,Delivery Partner A,Pending,Low
205,MSG0205,Bradley Cole,001-036-147-4049,16-03-2025,Best wait physical myself teach respond.,Late Delivery,Traffic,2 days,None,In-house Logistics,Pending,High
206,MSG0206,William Barnes,4921678577,20-02-2025,Same whose society traditional college see when science civil movement way best hour.,Damaged Product,None,0 days,Leaking,In-house Logistics,Pending,Critical
207,MSG0207,Kevin Thompson,210966749,23-05-2025,Measure nearly environment which if entire kitchen chance trial impact lay without.,Damaged Product,None,0 days,Leaking,Delivery Partner B,Resolved,Medium
208,MSG0208,Ian Alvarado,-1245,26-04-2025,Table decision hair laugh everybody way alone condition follow money report pick choice.,Rude Staff,None,0 days,None,Delivery Partner A,Resolved,Critical
209,MSG0209,Erik Green,420-603-8500x563,08-04-2025,Health take need recently field home president reach thought know.,Late Delivery,Traffic,3 days,None,Delivery Partner A,Resolved,Medium
210,MSG0210,Michael Lang,581-532-4174x084,28-04-2025,Moment determine customer music picture budget create financial indicate focus father everyone.,Missing Item,None,0 days,None,In-house Logistics,Pending,Critical
211,MSG0211,Larry Moore,+1-943-170-9525x8028,14-03-2025,Meeting both speech fight best young create respond you sound stock.,Damaged Product,None,0 days,Leaking,Warehouse,Resolved,Critical
212,MSG0212,Caroline Boyer,769.221.5433x277,15-05-2025,Short control race lot bill glass.,Missing Item,None,0 days,None,Delivery Partner A,Pending,High
213,MSG0213,David Summers,+1-650-364-5325x206,02-02-2025,Truth trip window management hospital short.,Late Delivery,Technical Issue,4 days,None,Delivery Partner A,Resolved,Critical
214,MSG0214,Kelly Peterson,001-444-363-4803,17-02-2025,Mean continue near her certain herself Mrs tough could return shake.,Late Delivery,Staff Shortage,3 days,None,In-house Logistics,Pending,Medium
215,MSG0215,Tyler Melendez,970.835.9797x7774,19-05-2025,Discuss reality say wide record west TV Mr ok recognize war participant stand.,Wrong Item,None,0 days,None,Delivery Partner B,Pending,Critical
216,MSG0216,Kyle Santiago,981.696.2764x1052,11-03-2025,Economic throughout performance front thus black color believe serve.,Wrong Item,None,0 days,None,Delivery Partner B,Resolved,Low
217,MSG0217,Stacy Ruiz,722.624.1662,25-05-2025,Republican their forget painting music mean Mr improve.,Late Delivery,Staff Shortage,3 days,None,Delivery Partner B,Escalated,Medium
218,MSG0218,Devin Ware,(648)793-8732,05-01-2025,Policy than fast rate property century kind be big price.,Damaged Product,None,0 days,Scratched surface,Warehouse,Resolved,High
219,MSG0219,Jenny Hoffman,(545)081-1605,01-02-2025,Become loss effect statement card card agency.,Damaged Product,None,0 days,Cracked item,Delivery Partner A,Pending,Critical
220,MSG0220,Angela Ross MD,082-655-2582,02-04-2025,Realize seat fight out onto matter especially very.,Damaged Product,None,0 days,Scratched surface,In-house Logistics,Resolved,Critical
221,MSG0221,Donald Nelson,426-218-3396,20-04-2025,Candidate property brother sometimes he fly image force system.,Wrong Item,None,0 days,None,Warehouse,Escalated,Medium
222,MSG0222,Vanessa Simmons,798.305.7916,21-04-2025,Decision instead idea marriage discussion especially least street house daughter start return moment.,Missing Item,None,0 days,None,Delivery Partner B,Escalated,High
223,MSG0223,Danielle Anderson MD,(071)378-5576x530,27-04-2025,With five strong final very close help TV include several.,Missing Item,None,0 days,None,Warehouse,Escalated,Medium
224,MSG0224,John Mueller,+1-079-654-1424x2440,29-04-2025,Owner animal serious its company major sport week.,Wrong Item,None,0 days,None,Delivery Partner A,Pending,High
225,MSG0225,Ashley Aguirre,001-630-922-7459x68046,19-04-2025,Heart simply Congress imagine only generation suffer decide medical over must result.,Missing Item,None,0 days,None,Delivery Partner A,Resolved,Critical
226,MSG0226,Alyssa Quinn,+1-412-626-0296x643,23-05-2025,Team exactly none difference least difference wide million accept hold response year at hold.,Damaged Product,None,0 days,Leaking,Delivery Partner B,Pending,High
227,MSG0227,Grant Castillo,485.843.0854x038,03-02-2025,Interest reason shake impact on drive there stuff much.,Late Delivery,None,1 days,None,Delivery Partner B,Escalated,Low
228,MSG0228,Adam Escobar,816-790-2277,03-04-2025,Provide represent leg could huge police.,Wrong Item,None,0 days,None,Delivery Partner A,Pending,Critical
229,MSG0229,Brandy Hayden,124.651.9895x23167,16-02-2025,Decide positive blood court very entire make half majority also heavy indeed sea.,Late Delivery,None,1 days,None,Warehouse,Resolved,High
230,MSG0230,Austin Ward,5574771576,23-05-2025,Behavior each series media more know.,Wrong Item,None,0 days,None,Delivery Partner B,Escalated,Critical
231,MSG0231,Danny Morgan,036-273-4453,09-04-2025,Sister front everyone step beautiful color morning world.,Wrong Item,None,0 days,None,Delivery Partner A,Escalated,Low
232,MSG0232,William Marks,+1-415-956-5771x291,24-04-2025,Sometimes will phone major serve look most cold responsibility begin others find.,Damaged Product,None,0 days,Leaking,In-house Logistics,Escalated,High
233,MSG0233,Kelly Dudley,980.551.8804x7353,01-04-2025,Ground once together score consider door difficult city consider.,Damaged Product,None,0 days,Broken seal,Delivery Partner B,Escalated,Medium
234,MSG0234,William Chang,+1-994-057-3906x3269,21-03-2025,Also tough boy computer hard yeah discuss visit detail.,Damaged Product,None,0 days,Cracked item,In-house Logistics,Resolved,High
235,MSG0235,Michelle Walker,(573)084-6277x600,03-05-2025,Discuss bad against job already most.,Late Delivery,Weather,1 days,None,In-house Logistics,Escalated,Low
236,MSG0236,Autumn Jones,864-204-2988,18-04-2025,Protect live professional suffer to specific line in onto interest throw travel.,Damaged Product,None,0 days,Broken seal,In-house Logistics,Escalated,Low
237,MSG0237,Bruce Hughes,950.193.4706,04-06-2025,So effect represent alone indeed Mr.,Wrong Item,None,0 days,None,Warehouse,Resolved,Medium
238,MSG0238,John Vega,2696106490,29-04-2025,Interesting can family push quickly air real discussion see someone computer item.,Missing Item,None,0 days,None,Delivery Partner A,Pending,Medium
239,MSG0239,Gregory James,630.540.9933x241,09-04-2025,Voice team son world expect common.,Damaged Product,None,0 days,Broken seal,In-house Logistics,Resolved,Critical
240,MSG0240,Kristina Tran,-9310,15-06-2025,Television especially management night population nor gas city performance manager machine.,Rude Staff,None,0 days,None,Warehouse,Pending,Low
241,MSG0241,Cheryl Ramirez,+1-064-172-4803x727,04-05-2025,Education evidence avoid road born fall add wide he heart instead leg anything.,Wrong Item,None,0 days,None,Delivery Partner A,Resolved,Medium
242,MSG0242,Andrew Taylor,1786297667,09-04-2025,Even phone quickly dog attention instead military.,Rude Staff,None,0 days,None,Delivery Partner A,Resolved,High
243,MSG0243,Dale Simmons,+1-495-498-2181x5469,18-04-2025,Drop bar cover for eat make.,Rude Staff,None,0 days,None,In-house Logistics,Pending,Critical
244,MSG0244,Robert Larsen,589-690-6832,23-04-2025,Chair health news up travel up sense stop color.,Late Delivery,Traffic,4 days,None,Delivery Partner A,Resolved,Low
245,MSG0245,Jesse Villanueva,(651)830-1201x624,29-04-2025,Product yet rise rock moment include source hotel rather character consider.,Missing Item,None,0 days,None,Delivery Partner A,Escalated,Medium
246,MSG0246,Dr. Mikayla Turner,793.542.5581,09-05-2025,According fund require analysis manage leader guess or gas gas southern.,Missing Item,None,0 days,None,Delivery Partner B,Pending,Low
247,MSG0247,Gerald Archer,886-351-2204x61786,09-01-2025,Class away build popular sound sound.,Rude Staff,None,0 days,None,Delivery Partner A,Escalated,Medium
248,MSG0248,Sara Brown,+1-390-927-2381x822,02-03-2025,Form power today yard anyone herself majority account body entire own scientist power.,Rude Staff,None,0 days,None,Warehouse,Resolved,Critical
249,MSG0249,Darryl Reynolds,(770)510-6344x268,30-03-2025,Chance low one address his young great word.,Damaged Product,None,0 days,Cracked item,Warehouse,Pending,High
250,MSG0250,Amy Hall,001-326-073-4018x08555,22-02-2025,Poor professor board reason subject trip recognize station trip check quite box.,Missing Item,None,0 days,None,In-house Logistics,Escalated,Low
251,MSG0251,Jacob Cannon,775-453-9800,09-03-2025,Country government available school available third church view morning.,Late Delivery,Weather,1 days,None,Warehouse,Pending,Medium
252,MSG0252,Jennifer Rose,156-136-8799x0080,27-01-2025,Assume price business us occur throughout job she reflect that.,Late Delivery,Staff Shortage,5 days,None,Delivery Partner B,Pending,High
253,MSG0253,Daniel Cowan,007-273-4236,30-04-2025,Matter why consumer enter able thank south indeed explain station know relate Democrat.,Wrong Item,None,0 days,None,Delivery Partner A,Resolved,Medium
254,MSG0254,Stephanie Alvarez,280.045.8690,11-01-2025,Stock technology near month them discuss develop present score up reason any able.,Damaged Product,None,0 days,Broken seal,Delivery Partner B,Resolved,Medium
255,MSG0255,Bradley Lee,035-808-7361x02658,02-05-2025,Total spend state upon yourself plan writer teach piece.,Rude Staff,None,0 days,None,In-house Logistics,Pending,High
256,MSG0256,Curtis Morse,503-847-8651,22-02-2025,Wind paper high every itself capital ago also difficult maintain ten contain human.,Missing Item,None,0 days,None,In-house Logistics,Resolved,Critical
257,MSG0257,Joseph Bennett,001-211-633-4503x87867,10-01-2025,Two join budget vote we oil ago simply rise compare.,Wrong Item,None,0 days,None,Warehouse,Resolved,Medium
258,MSG0258,Jennifer Armstrong,(700)970-4232,12-03-2025,Example political production large idea full ten today area send edge ask travel.,Damaged Product,None,0 days,None,Delivery Partner A,Resolved,Low
259,MSG0259,Johnathan Marquez,(706)171-2633x53265,23-03-2025,Already he poor back ball though team however seem class.,Late Delivery,Traffic,1 days,None,Warehouse,Pending,Low
260,MSG0260,Tonya Foster,451.339.8009,15-02-2025,Relate teach party staff yard movie also against partner visit surface president.,Late Delivery,None,2 days,None,Delivery Partner A,Pending,Medium
261,MSG0261,David Sanchez,001-027-379-2906x225,22-04-2025,Among prevent trouble break or ground think event onto no.,Late Delivery,Technical Issue,3 days,None,In-house Logistics,Pending,High
262,MSG0262,Julie Brock,(814)521-9597x48708,17-02-2025,Approach lose figure break body box today.,Damaged Product,None,0 days,Scratched surface,Delivery Partner A,Escalated,Low
263,MSG0263,Brenda Mills,6697470510,03-03-2025,Song turn economy car trouble character machine able and cost impact whose.,Missing Item,None,0 days,None,Delivery Partner A,Pending,Medium
264,MSG0264,John Martinez,-4082,10-03-2025,Sit issue she name before price.,Rude Staff,None,0 days,None,Delivery Partner A,Pending,Critical
265,MSG0265,April Duran,+1-506-347-6345x94959,25-04-2025,West seek left despite themselves father the floor describe sport.,Missing Item,None,0 days,None,Delivery Partner A,Resolved,High
266,MSG0266,Deborah Rodriguez,-5702,17-04-2025,Maintain could note morning record tree system like else.,Wrong Item,None,0 days,None,Warehouse,Pending,Medium
267,MSG0267,Earl Case,171-417-2330x291,12-06-2025,Drug away simply camera ago act research would dark.,Late Delivery,Weather,3 days,None,In-house Logistics,Escalated,Medium
268,MSG0268,Jerry Carr,604.334.3698x83774,08-04-2025,Hospital beautiful past affect concern enough certainly generation law budget.,Late Delivery,Staff Shortage,2 days,None,Delivery Partner B,Pending,Low
269,MSG0269,Travis Cameron,+1-950-984-2069x837,10-03-2025,Improve heavy defense you radio her at rest do.,Damaged Product,None,0 days,Broken seal,Delivery Partner A,Resolved,Medium
270,MSG0270,Miranda Hernandez,8557597892,08-01-2025,Drug particular buy important hospital tree occur baby against interesting need seat.,Rude Staff,None,0 days,None,Delivery Partner A,Escalated,Low
271,MSG0271,Mrs. Maria Williams,229.727.0057x17688,08-04-2025,Per late general man product sound girl one.,Wrong Item,None,0 days,None,Delivery Partner A,Resolved,Medium
272,MSG0272,Jonathan Garcia,(931)951-8019,08-04-2025,Marriage situation beautiful should either civil program suffer nearly doctor.,Wrong Item,None,0 days,None,Warehouse,Resolved,Medium
273,MSG0273,Cynthia Maldonado MD,001-523-764-0177x185,10-04-2025,Capital Mr take girl within debate today thus.,Missing Item,None,0 days,None,Delivery Partner A,Escalated,Medium
274,MSG0274,Mary Rojas,001-732-064-2902,23-01-2025,Natural happen environment choice college record yet.,Rude Staff,None,0 days,None,Delivery Partner A,Escalated,Critical
275,MSG0275,Kathryn Alexander,001-852-164-3569,13-02-2025,Suggest weight boy by response eight chair fall.,Late Delivery,Weather,1 days,None,Delivery Partner B,Pending,Low
276,MSG0276,Marcus Smith,4811189541,04-04-2025,Itself compare somebody during describe like job difference head once scene.,Wrong Item,None,0 days,None,Delivery Partner A,Escalated,Low
277,MSG0277,Dillon Small,+1-368-124-4682x334,07-06-2025,Girl hot media two hotel pass above great bad ready audience.,Wrong Item,None,0 days,None,Warehouse,Resolved,High
278,MSG0278,Thomas Shelton,+1-559-274-5333x392,22-02-2025,Person media mention both idea door officer it space weight might century.,Damaged Product,None,0 days,None,Delivery Partner A,Pending,Medium
279,MSG0279,Ronnie Walters,(609)224-3028x503,04-04-2025,Make stay short chance rock face by fear watch.,Missing Item,None,0 days,None,Delivery Partner B,Resolved,Medium
280,MSG0280,Norma Leon,(783)331-7699x224,12-05-2025,Western than toward cultural book difficult help enter use.,Rude Staff,None,0 days,None,Delivery Partner B,Escalated,Critical
281,MSG0281,Maria Knight,+1-272-606-0264x362,23-04-2025,Firm maintain girl send each my protect available thought piece.,Late Delivery,None,4 days,None,Warehouse,Resolved,High
282,MSG0282,Christy Olson,563.213.2798x793,31-03-2025,Amount create wall then power success toward sort.,Late Delivery,Weather,5 days,None,In-house Logistics,Resolved,Low
283,MSG0283,Kyle Ross,196.806.7555,02-03-2025,Deep arrive also community edge name style major ever bag than.,Late Delivery,None,4 days,None,Warehouse,Escalated,High
284,MSG0284,Bryan Mack,525.701.6486,30-01-2025,None professor interest affect music air.,Rude Staff,None,0 days,None,In-house Logistics,Resolved,Low
285,MSG0285,John Casey,953-374-3334,11-06-2025,From push run law where do capital goal region.,Missing Item,None,0 days,None,Delivery Partner B,Pending,Low
286,MSG0286,Candice Fuller,001-930-322-1229,04-04-2025,Big become recent despite toward still class together.,Late Delivery,Traffic,5 days,None,Delivery Partner B,Pending,Critical
287,MSG0287,Chad Krause,558.988.7188x2962,25-01-2025,Here door onto wonder room political station contain suddenly read lot.,Missing Item,None,0 days,None,Warehouse,Escalated,Medium
288,MSG0288,Jay Carter,001-765-365-0819x9382,19-05-2025,Compare whatever author international item response board nice discussion save skin election.,Late Delivery,Staff Shortage,3 days,None,In-house Logistics,Pending,Critical
289,MSG0289,Gail Torres,+1-095-784-2286x50349,08-02-2025,Blue save exactly daughter right natural low rich power newspaper cup charge.,Late Delivery,Technical Issue,2 days,None,In-house Logistics,Resolved,Medium
290,MSG0290,Craig Chavez,001-714-960-9645x5061,10-04-2025,Race young weight save power feeling compare away such federal yeah many her.,Rude Staff,None,0 days,None,Delivery Partner A,Pending,High
291,MSG0291,David Coleman,(571)167-7319,21-05-2025,Read try treatment you perhaps cold bank low floor back free spend.,Late Delivery,Technical Issue,2 days,None,Warehouse,Resolved,Low
292,MSG0292,Michelle Ibarra,001-257-827-7705,01-04-2025,Southern history but road radio than population.,Late Delivery,Staff Shortage,4 days,None,Delivery Partner B,Pending,Critical
293,MSG0293,Kenneth Reyes,001-696-485-5664x72745,13-02-2025,Myself where several statement herself poor enter nature catch.,Missing Item,None,0 days,None,Delivery Partner B,Pending,Critical
294,MSG0294,Jeremiah Horn,+1-364-901-9021x7471,31-05-2025,Under western position against space age key network should voice science hundred world.,Damaged Product,None,0 days,None,In-house Logistics,Pending,Medium
295,MSG0295,William Koch,(207)092-2482x5944,30-05-2025,To friend brother article financial true if wind big.,Wrong Item,None,0 days,None,Delivery Partner A,Pending,Low
296,MSG0296,Amanda Alvarado,001-247-541-0456,05-01-2025,Sit camera happen environment card official several food music for matter.,Rude Staff,None,0 days,None,Delivery Partner A,Pending,Critical
297,MSG0297,Jeffrey Hayes,+1-380-604-3543x869,15-02-2025,Stuff any example its list list bank.,Damaged Product,None,0 days,Cracked item,Delivery Partner A,Pending,High
298,MSG0298,Amy Torres,068-050-0553,17-05-2025,Country prepare song together color help line able radio.,Late Delivery,Traffic,5 days,None,Delivery Partner B,Escalated,Medium
299,MSG0299,Bradley Young,(617)683-4424x2618,07-02-2025,Shake trip class fish create sort site organization modern town.,Late Delivery,Technical Issue,1 days,None,Delivery Partner B,Pending,Critical
300,MSG0300,Victor Silva,6848273395,27-05-2025,Standard day once quickly attorney ten summer food dream fast drive or later.,Wrong Item,None,0 days,None,In-house Logistics,Escalated,Critical
301,MSG0301,Kristie Long,(562)055-4130x544,07-04-2025,Recent lot attorney young choice choice.,Missing Item,None,0 days,None,In-house Logistics,Pending,Low
302,MSG0302,Tracy Butler,-1715,10-02-2025,Play course set chair garden house every maybe rule.,Missing Item,None,0 days,None,Delivery Partner B,Pending,High
303,MSG0303,Daniel Chen,(767)755-4858,12-02-2025,Drug knowledge really news include partner face believe either claim above former measure.,Damaged Product,None,0 days,Leaking,Warehouse,Escalated,Medium
304,MSG0304,Lori Lawson,001-726-249-4532,02-05-2025,Establish own small its ball population from.,Damaged Product,None,0 days,Scratched surface,Delivery Partner B,Pending,Medium
305,MSG0305,Heather Rice,246.273.2997x08305,09-03-2025,Attention threat surface somebody mind industry scientist any near.,Damaged Product,None,0 days,Leaking,Delivery Partner A,Escalated,High
306,MSG0306,Kristen Gray,(148)165-9268x29124,05-06-2025,Yes character any certainly feel budget industry contain concern.,Wrong Item,None,0 days,None,In-house Logistics,Resolved,Low
307,MSG0307,Catherine Lynch,961.211.8761,20-05-2025,Card little Mr fall throw save.,Damaged Product,None,0 days,Cracked item,Warehouse,Resolved,Low
308,MSG0308,Paul Kane,(967)705-7935x85008,14-04-2025,Else region would nation treatment present.,Rude Staff,None,0 days,None,Warehouse,Resolved,Low
309,MSG0309,Joseph Taylor,695-555-6107x15491,28-05-2025,That laugh traditional loss college view resource support.,Late Delivery,Technical Issue,5 days,None,Warehouse,Resolved,High
310,MSG0310,Lisa Young,512-444-8662x32222,24-03-2025,Past next thousand follow learn such Republican make exist.,Rude Staff,None,0 days,None,In-house Logistics,Pending,Low
311,MSG0311,Gary Nixon,(996)937-7222x18713,16-04-2025,Their four gas later tree activity charge.,Rude Staff,None,0 days,None,Delivery Partner B,Escalated,High
312,MSG0312,Gary Snyder,+1-551-586-0900x93603,17-02-2025,Prevent idea north want owner particularly together oil agree lot.,Missing Item,None,0 days,None,Warehouse,Resolved,High
313,MSG0313,Frederick Stein,001-065-480-4868x065,08-06-2025,Right drop including another bill top raise room east leg race.,Late Delivery,Staff Shortage,2 days,None,Delivery Partner A,Resolved,Critical
314,MSG0314,Stephen Galvan,001-247-393-8824x0927,11-06-2025,See matter religious contain artist who third available partner age own say.,Damaged Product,None,0 days,Broken seal,Delivery Partner A,Resolved,Medium
315,MSG0315,Jason Everett,1303347157,05-02-2025,Which plan note help success rest arm run.,Late Delivery,Traffic,3 days,None,Warehouse,Escalated,Low
316,MSG0316,Kimberly Choi,(950)749-2862,17-02-2025,Condition clear everyone music like program never factor.,Rude Staff,None,0 days,None,Delivery Partner A,Pending,High
317,MSG0317,Dr. Kristin Graham,3187395466,10-02-2025,Know physical trouble loss pick would free food decade can prepare return.,Late Delivery,Technical Issue,3 days,None,In-house Logistics,Pending,Low
318,MSG0318,Bobby Johnson,+1-990-603-0227x701,08-02-2025,Cover close institution outside newspaper remember.,Late Delivery,Staff Shortage,2 days,None,Delivery Partner B,Escalated,High
319,MSG0319,Kaitlin Stout,001-324-414-9245x191,18-04-2025,Here high save story stuff coach growth friend phone.,Missing Item,None,0 days,None,Delivery Partner A,Escalated,High
320,MSG0320,Cindy Moss,001-080-168-4105x9656,20-02-2025,Father argue experience detail final check turn like ability service during.,Late Delivery,None,1 days,None,Delivery Partner B,Escalated,Medium
321,MSG0321,Sandra Thomas,+1-712-706-2638x45056,09-05-2025,Section hospital yeah spring fight place guess meet group person night expect drive.,Missing Item,None,0 days,None,In-house Logistics,Resolved,Low
322,MSG0322,Melissa Strickland,(619)519-8106x46309,14-03-2025,Music indicate analysis difference drive notice mind various arm.,Late Delivery,Traffic,4 days,None,Warehouse,Resolved,Critical
323,MSG0323,Christopher Williams,794602067,03-06-2025,Away control play off start line sit.,Missing Item,None,0 days,None,Delivery Partner B,Escalated,Critical
324,MSG0324,David Dyer,(979)990-2478x595,21-05-2025,Only rise fact nation then go TV how.,Rude Staff,None,0 days,None,Delivery Partner B,Resolved,Critical
325,MSG0325,Natalie Evans,679-655-5477,04-04-2025,Note herself expert manage world treatment performance home process message memory yes.,Wrong Item,None,0 days,None,Warehouse,Escalated,Medium
326,MSG0326,Kathryn Long,798-573-6941x245,10-03-2025,Surface street usually gas serve bank.,Damaged Product,None,0 days,Broken seal,Warehouse,Escalated,High
327,MSG0327,Heather Hall,752.646.1329x186,15-02-2025,Executive sit grow approach none board series fill medical not anyone direction sea.,Damaged Product,None,0 days,Leaking,Delivery Partner B,Resolved,Low
328,MSG0328,John Jones,148-498-8950,10-01-2025,Treatment maybe ball site reflect drug bring music manager.,Wrong Item,None,0 days,None,Delivery Partner A,Resolved,Low
329,MSG0329,Hannah Sanchez,(063)158-2022,16-04-2025,North city account star read matter window.,Late Delivery,Traffic,1 days,None,Delivery Partner B,Escalated,Critical
330,MSG0330,Erin Flores,+1-409-608-5352x03704,14-06-2025,Least work attorney drug field industry suffer officer decide fund very song television.,Damaged Product,None,0 days,Cracked item,Warehouse,Escalated,Medium
331,MSG0331,Jessica Henry,888-629-5917x83827,18-01-2025,New change perhaps most early her real before economic.,Wrong Item,None,0 days,None,In-house Logistics,Escalated,Medium
332,MSG0332,Grant Silva,798-403-6812x4911,18-03-2025,Heart central senior action clear more.,Missing Item,None,0 days,None,Warehouse,Pending,Low
333,MSG0333,Michael Garner,163.645.4297x590,12-01-2025,Term generation back lay source social factor across nature push sense.,Late Delivery,None,4 days,None,Warehouse,Resolved,High
334,MSG0334,Allison Peters,7457073191,05-02-2025,Animal feel take management chair four building describe protect.,Wrong Item,None,0 days,None,Delivery Partner B,Resolved,High
335,MSG0335,Casey Stewart,830-695-6506x8291,14-03-2025,Democrat paper their ball but sometimes case decide.,Missing Item,None,0 days,None,Delivery Partner A,Pending,Medium
336,MSG0336,Joshua Ball,001-341-278-8578x137,09-06-2025,Author left great law machine player.,Wrong Item,None,0 days,None,Delivery Partner B,Escalated,Medium
337,MSG0337,Sheri Marshall,001-286-167-2445,25-03-2025,Surface dark through woman window contain above ask heavy especially half.,Wrong Item,None,0 days,None,Delivery Partner B,Resolved,High
338,MSG0338,David Mejia,+1-826-729-2322x32915,03-04-2025,Feel particular technology television chair marriage partner loss air hope response half.,Wrong Item,None,0 days,None,In-house Logistics,Resolved,High
339,MSG0339,Susan Schultz,123-176-8598x16367,20-04-2025,Item whom gun loss report care cut hard history quickly however plan.,Missing Item,None,0 days,None,In-house Logistics,Pending,Critical
340,MSG0340,John Perez,+1-576-665-2576x8336,05-02-2025,Pick lot financial Republican time large work visit check yourself court trouble.,Missing Item,None,0 days,None,Warehouse,Escalated,Critical
341,MSG0341,Ashley Kerr,858-073-3001,28-05-2025,Stock career what series between care church seek best.,Rude Staff,None,0 days,None,Warehouse,Escalated,High
342,MSG0342,Christopher Hernandez,426-087-6141,01-01-2025,Need purpose authority compare west form pretty yard soon who see.,Damaged Product,None,0 days,Scratched surface,Warehouse,Resolved,Low
343,MSG0343,Amy Bray,321.270.7730x800,08-02-2025,Nothing green hold fight at five.,Missing Item,None,0 days,None,In-house Logistics,Resolved,High
344,MSG0344,Ashley Lopez,(747)128-2055x70917,18-01-2025,Investment decade explain nor first economy report result.,Wrong Item,None,0 days,None,Delivery Partner B,Escalated,Low
345,MSG0345,Tommy Rodriguez,+1-524-925-1555x2691,25-04-2025,Total more most church final them weight man hold cost answer quality season.,Rude Staff,None,0 days,None,Warehouse,Pending,Low
346,MSG0346,Michael Porter,114-683-8338x20603,24-01-2025,Five people send cultural too reach.,Wrong Item,None,0 days,None,Delivery Partner B,Escalated,Medium
347,MSG0347,William Fischer,647.131.7590,11-03-2025,Set than available line agency assume who owner into later method artist.,Damaged Product,None,0 days,Broken seal,Warehouse,Pending,Low
348,MSG0348,Barry George,-4948,13-04-2025,Choice test plant develop look address part economy consider town.,Missing Item,None,0 days,None,Warehouse,Pending,Critical
349,MSG0349,Mark Roberts,(795)738-2087,19-05-2025,Many myself visit chair identify hard interview news describe Democrat at.,Wrong Item,None,0 days,None,Warehouse,Escalated,High
350,MSG0350,Anthony Bell,119-749-6426x853,20-02-2025,Thus fine far rather cover detail unit practice appear know hotel.,Late Delivery,Staff Shortage,5 days,None,Delivery Partner B,Escalated,High
351,MSG0351,Brittany Butler,-2398,09-03-2025,Shake reflect education director now professor military action difficult ready tell find.,Missing Item,None,0 days,None,In-house Logistics,Escalated,Medium
352,MSG0352,Martin Lloyd,001-717-422-9706x60566,27-05-2025,This force important behavior member when many environment beat weight leave red heavy.,Wrong Item,None,0 days,None,Delivery Partner A,Escalated,Medium
353,MSG0353,John Wilson,436-862-8206x56631,07-06-2025,Late Democrat democratic expert cultural personal special follow discussion could.,Damaged Product,None,0 days,None,Warehouse,Escalated,Low
354,MSG0354,Theresa Ho,263-133-6318,03-04-2025,Case child down pay condition kid.,Rude Staff,None,0 days,None,Delivery Partner A,Pending,High
355,MSG0355,David Benson,977.011.4345x8776,14-04-2025,Kind official check into maintain throw treat office stand.,Rude Staff,None,0 days,None,In-house Logistics,Escalated,Low
356,MSG0356,Adrian Soto,049.281.1833x92024,03-02-2025,Give remember total institution society pattern fine major lay edge able card.,Damaged Product,None,0 days,Leaking,Delivery Partner A,Pending,Critical
357,MSG0357,Angela Lopez,001-716-236-7602x97036,09-04-2025,Buy couple side big together trade.,Damaged Product,None,0 days,Scratched surface,Delivery Partner A,Pending,Medium
358,MSG0358,Joshua Smith,(217)737-3508x85269,16-04-2025,Conference Mrs throughout campaign wish current often answer available parent education among.,Late Delivery,Weather,2 days,None,Warehouse,Resolved,Medium
359,MSG0359,Edward Cole,139.033.2487,07-04-2025,Best natural last save call cold effort less church.,Rude Staff,None,0 days,None,Delivery Partner B,Escalated,Medium
360,MSG0360,Kristy Alvarez,001-590-493-2531x112,17-05-2025,Movie area message name care than.,Late Delivery,Technical Issue,2 days,None,In-house Logistics,Pending,Medium
361,MSG0361,Katelyn Curtis,+1-549-454-0490x9366,15-03-2025,Magazine just success from must another help I dark know green protect arm.,Damaged Product,None,0 days,Cracked item,Delivery Partner B,Escalated,High
362,MSG0362,Robert Hoffman,(087)244-3491x482,30-03-2025,Because whose establish determine cause new.,Late Delivery,Traffic,5 days,None,Delivery Partner B,Pending,Medium
363,MSG0363,Dawn Webster,(367)672-0007,14-05-2025,Task behind rock throw bed show sea different chair expert road east director.,Late Delivery,Staff Shortage,4 days,None,Delivery Partner B,Escalated,Low
364,MSG0364,Ann Faulkner,5022645027,04-03-2025,Necessary interesting institution nearly total whatever rule street teacher near light ready.,Wrong Item,None,0 days,None,Delivery Partner B,Escalated,High
365,MSG0365,Samuel Erickson,4894315281,16-04-2025,Low oil exist address between study range.,Wrong Item,None,0 days,None,In-house Logistics,Escalated,Medium
366,MSG0366,Eric Adams,+1-398-361-2035x80253,25-05-2025,Contain response black fire above again not music agreement.,Missing Item,None,0 days,None,Delivery Partner B,Resolved,Low
367,MSG0367,Sierra Perry,722.412.4847,26-01-2025,Wonder address activity wonder interest water could floor media necessary type soldier almost.,Damaged Product,None,0 days,None,Delivery Partner B,Escalated,Critical
368,MSG0368,Garrett Moore,951-531-5438x6925,18-03-2025,Positive compare real list writer like as source person scientist quickly.,Missing Item,None,0 days,None,Delivery Partner A,Pending,Low
369,MSG0369,Sydney Oconnell,286.984.3509x147,23-05-2025,Answer forget thousand actually agent bill long subject.,Damaged Product,None,0 days,Broken seal,Delivery Partner B,Resolved,Critical
370,MSG0370,Ashley Carter,(314)791-5383,03-03-2025,Onto now probably pattern near budget.,Rude Staff,None,0 days,None,Delivery Partner A,Escalated,Low
371,MSG0371,William Ortega,(859)574-6321x428,28-05-2025,Already east ago fact home model listen recognize.,Damaged Product,None,0 days,None,In-house Logistics,Escalated,Medium
372,MSG0372,Jason Miller,482-646-9033x75406,16-04-2025,Society item fund year participant author knowledge land pressure be drug middle reveal.,Missing Item,None,0 days,None,Delivery Partner A,Pending,Medium
373,MSG0373,Jennifer Roberts,(763)479-9087,12-03-2025,World under western day next for Mr morning hotel serve prevent minute magazine.,Late Delivery,Traffic,1 days,None,In-house Logistics,Resolved,High
374,MSG0374,William Moore,001-058-498-9855x738,13-03-2025,Water knowledge green spend college choose foot talk their.,Rude Staff,None,0 days,None,Delivery Partner A,Escalated,High
375,MSG0375,Paul Moreno,+1-563-674-4182x85031,10-03-2025,Speak sing light only form deal.,Missing Item,None,0 days,None,In-house Logistics,Escalated,High
376,MSG0376,Nancy Johnston,974-834-1896x7745,27-01-2025,Recent factor woman employee popular item name something computer want too.,Damaged Product,None,0 days,None,In-house Logistics,Resolved,Low
377,MSG0377,Adam Choi,+1-132-911-1292x8105,15-03-2025,Customer pretty poor pick he religious very we deal anything manager.,Missing Item,None,0 days,None,In-house Logistics,Escalated,Critical
378,MSG0378,Angela Hill MD,+1-150-111-0965x50435,21-05-2025,Tax building water politics discussion hour.,Rude Staff,None,0 days,None,Delivery Partner A,Pending,High
379,MSG0379,Glenn Lawson,710.036.5251x207,31-05-2025,Evidence contain follow always take knowledge cause wide argue consumer.,Rude Staff,None,0 days,None,Warehouse,Escalated,Medium
380,MSG0380,Timothy Carter,960.093.8565x17006,17-01-2025,Summer pay candidate activity lead hotel seem available business exactly hour.,Damaged Product,None,0 days,None,Warehouse,Escalated,Critical
381,MSG0381,Michele Martinez,(916)943-8962x182,14-04-2025,Difference size field catch detail wonder never cover short fill increase energy.,Late Delivery,Traffic,5 days,None,Delivery Partner B,Resolved,Critical
382,MSG0382,Rebecca Stein,986-255-8853,15-06-2025,Which pull protect strong yet miss.,Missing Item,None,0 days,None,In-house Logistics,Resolved,Medium
383,MSG0383,Vanessa Stone,+1-063-407-7717x9901,12-02-2025,Simple process why threat work between.,Rude Staff,None,0 days,None,Delivery Partner B,Escalated,Low
384,MSG0384,Thomas Michael,443-357-7164x2791,07-02-2025,Indicate visit official clearly finish herself.,Late Delivery,Technical Issue,5 days,None,Delivery Partner B,Resolved,Low
385,MSG0385,Erin Key,(915)153-7099x17289,16-03-2025,Already toward end sense positive close military more data increase benefit add tough.,Damaged Product,None,0 days,Scratched surface,Delivery Partner B,Pending,Low
386,MSG0386,Mrs. Susan Jones,945.394.5503,20-01-2025,Mention fight language where put discuss cause relationship role true.,Rude Staff,None,0 days,None,In-house Logistics,Pending,Critical
387,MSG0387,David Jones,001-552-705-7052,27-03-2025,Idea test indeed word staff skill conference.,Wrong Item,None,0 days,None,Delivery Partner B,Resolved,Low
388,MSG0388,Samantha Brown,180-810-5735x8158,02-03-2025,Owner thought add or method again result action book sometimes dream particularly.,Missing Item,None,0 days,None,Delivery Partner A,Pending,Medium
389,MSG0389,Megan Nelson,656.974.2293x7356,25-05-2025,Arrive chair whole whose save suggest.,Damaged Product,None,0 days,Scratched surface,In-house Logistics,Resolved,Medium
390,MSG0390,Summer Barnes,296.350.3941x8298,18-01-2025,Quite glass different final recently realize value where provide.,Rude Staff,None,0 days,None,Warehouse,Resolved,Medium
391,MSG0391,Barbara Brooks,(574)740-0845,19-02-2025,Evidence draw candidate impact continue town professional sure network really art best mouth.,Wrong Item,None,0 days,None,Delivery Partner A,Pending,Low
392,MSG0392,Samantha Hall,-9817,28-03-2025,Gas conference sure father per outside people yeah us imagine college during someone budget.,Late Delivery,Traffic,3 days,None,Warehouse,Pending,Medium
393,MSG0393,Jeff Hansen,+1-964-557-0528x665,18-04-2025,Piece present experience ok explain six a difficult hit rather she yes trip power.,Rude Staff,None,0 days,None,Delivery Partner B,Resolved,Critical
394,MSG0394,Brenda Norman,(469)482-6971,15-03-2025,Model leg save amount charge agreement available time third response.,Rude Staff,None,0 days,None,In-house Logistics,Escalated,Critical
395,MSG0395,Carol Gonzalez,588-326-4791x147,15-06-2025,Account physical middle beat new newspaper.,Missing Item,None,0 days,None,Warehouse,Pending,Medium
396,MSG0396,Gary Rivera,(908)846-9154,04-02-2025,Amount during explain mind current reduce nor eat above paper ok unit country.,Missing Item,None,0 days,None,Delivery Partner B,Escalated,High
397,MSG0397,Ashley Mack,666-494-8048x773,26-05-2025,Truth from sister mind should challenge month worry store ability dog particular fast talk.,Damaged Product,None,0 days,Scratched surface,In-house Logistics,Resolved,High
398,MSG0398,Darlene George,220.646.2401x17370,31-01-2025,Past defense plant treat marriage both month heavy talk build.,Damaged Product,None,0 days,Leaking,Delivery Partner B,Resolved,Critical
399,MSG0399,Cheryl Rice,-10523,11-04-2025,Degree street act picture by summer term lay over.,Wrong Item,None,0 days,None,In-house Logistics,Resolved,Critical
400,MSG0400,Samantha Smith,739-724-3509x3368,31-01-2025,Almost ask benefit onto enter appear job voice kid however pattern guess.,Damaged Product,None,0 days,Scratched surface,Delivery Partner B,Pending,Critical
401,MSG0401,Reginald Callahan,735-269-5748x2404,22-02-2025,Well run sea approach test receive seat thousand source sense this whose ability.,Damaged Product,None,0 days,None,In-house Logistics,Pending,Low
402,MSG0402,Keith Farmer,590.384.0018,18-04-2025,Particular decade entire tax quite quickly point impact important beyond court government.,Wrong Item,None,0 days,None,Delivery Partner B,Escalated,High
403,MSG0403,Austin Reyes,3530900637,15-01-2025,Receive social news thing culture fly fast something.,Late Delivery,Weather,5 days,None,Warehouse,Escalated,Low
404,MSG0404,Victoria Collins,457.778.8965x559,12-05-2025,Page past available her road nice painting those south either ball sit.,Wrong Item,None,0 days,None,In-house Logistics,Resolved,Low
405,MSG0405,Stephanie Ryan,(731)130-2116x1938,14-02-2025,Key find career sit television modern level avoid boy alone ground.,Rude Staff,None,0 days,None,Delivery Partner B,Pending,Critical
406,MSG0406,Kari Conley,717-150-0885x48037,23-03-2025,Happen matter eye Mr still order painting into current start.,Missing Item,None,0 days,None,Delivery Partner A,Escalated,High
407,MSG0407,Melissa Harmon,506.382.2577x046,28-02-2025,Simple yourself rich region produce apply television choose cultural property another something amount.,Wrong Item,None,0 days,None,Delivery Partner A,Resolved,Medium
408,MSG0408,Edward Shah,(620)038-5920x443,13-02-2025,Thousand blood think give street my term leg method anyone.,Rude Staff,None,0 days,None,In-house Logistics,Pending,Low
409,MSG0409,Andrea Maxwell,305.512.0218,15-06-2025,Hospital part well often challenge term return opportunity.,Rude Staff,None,0 days,None,Warehouse,Escalated,Low
410,MSG0410,Clayton Rodriguez,414-057-1359x458,21-02-2025,Factor town mean just perform rest think.,Missing Item,None,0 days,None,Delivery Partner B,Resolved,High
411,MSG0411,John Fuentes,(857)937-2839x7366,06-04-2025,Message religious quality detail world once speech body growth.,Damaged Product,None,0 days,None,Warehouse,Resolved,High
412,MSG0412,Kimberly Anderson,299-683-8077x9193,17-05-2025,Down us world born difficult determine clear east ball scientist want job.,Missing Item,None,0 days,None,In-house Logistics,Pending,High
413,MSG0413,Kevin Warren,(373)223-9978,15-04-2025,Budget season cold no party life reason guy north effect.,Missing Item,None,0 days,None,In-house Logistics,Resolved,Medium
414,MSG0414,Caitlin Hayes,236-529-5453,05-06-2025,Technology material now travel measure cup from nothing baby base issue social.,Wrong Item,None,0 days,None,Delivery Partner A,Pending,Low
415,MSG0415,Allison Snyder,-1450,27-01-2025,Seven close relationship high fight back appear show main reach determine produce today.,Damaged Product,None,0 days,None,In-house Logistics,Escalated,Low
416,MSG0416,Michael Nash,757.089.6677x419,28-05-2025,Car box book action along Congress professional write seek peace part lose.,Damaged Product,None,0 days,Cracked item,In-house Logistics,Pending,Critical
417,MSG0417,Andrea Leon,189.861.2583x309,31-03-2025,This join production institution visit road remember.,Damaged Product,None,0 days,Leaking,Delivery Partner A,Resolved,Low
418,MSG0418,Theresa Rivera,-6370,07-03-2025,Law maintain myself ground election serious your account tax note.,Missing Item,None,0 days,None,Delivery Partner A,Resolved,Low
419,MSG0419,Felicia Jackson,807-531-2068x0547,06-05-2025,Fear decision everything would various manager smile line without store whatever as.,Damaged Product,None,0 days,Broken seal,Delivery Partner A,Resolved,Medium
420,MSG0420,Jennifer Nunez,(470)018-3079x97996,19-01-2025,North door record animal wall eye article heavy administration sign.,Late Delivery,None,5 days,None,In-house Logistics,Resolved,Medium
421,MSG0421,Kimberly Cook,+1-235-449-9058x3732,09-02-2025,Miss what but vote whole free despite picture.,Damaged Product,None,0 days,Scratched surface,Delivery Partner A,Escalated,Medium
422,MSG0422,James Matthews Jr.,792-012-6926x3902,24-05-2025,Discussion development kitchen ready issue lawyer prevent staff.,Late Delivery,Weather,3 days,None,Delivery Partner A,Resolved,High
423,MSG0423,Dean White,001-612-773-8697x6944,02-05-2025,Wear include authority represent happy likely.,Late Delivery,None,3 days,None,Delivery Partner A,Resolved,Low
424,MSG0424,Marisa Hancock,788.277.8225x722,12-01-2025,Allow employee free method everything base worker recent energy soon wind ever.,Rude Staff,None,0 days,None,Warehouse,Pending,Medium
425,MSG0425,Stephanie Watson,(628)493-5554x739,23-01-2025,Either way clear food because why.,Rude Staff,None,0 days,None,Warehouse,Pending,Critical
426,MSG0426,Brenda Clark,919.007.8139x5206,14-03-2025,Election weight need sit throughout give lose try.,Late Delivery,Staff Shortage,4 days,None,Delivery Partner B,Pending,Medium
427,MSG0427,Kimberly Nielsen,(583)953-6302x070,29-04-2025,Nothing why guess program town over ability article carry mission.,Damaged Product,None,0 days,None,Delivery Partner A,Pending,Critical
428,MSG0428,Laura Aguirre,906.199.7151,13-01-2025,Air station guess fly with increase property finally smile finish away American.,Late Delivery,Staff Shortage,4 days,None,In-house Logistics,Escalated,Low
429,MSG0429,Anthony Lawson,(824)730-8687,06-03-2025,Majority ago degree why already plant thank land federal heavy relationship.,Damaged Product,None,0 days,Broken seal,Delivery Partner B,Resolved,Critical
430,MSG0430,Luis Martin,(828)432-1846x30163,23-04-2025,Each quickly really environmental benefit treat art recognize individual method give near city.,Damaged Product,None,0 days,Broken seal,Warehouse,Pending,Medium
431,MSG0431,John Ashley,465.386.2189,13-06-2025,Matter culture military scientist during really particular work use soldier good message run.,Rude Staff,None,0 days,None,Delivery Partner B,Escalated,Low
432,MSG0432,Brian Roberts,(344)388-1601,02-04-2025,Walk sort weight money growth loss.,Late Delivery,Weather,4 days,None,In-house Logistics,Resolved,Medium
433,MSG0433,Karen Sharp,056-012-4013,13-05-2025,Low break arrive itself too himself.,Late Delivery,Staff Shortage,2 days,None,In-house Logistics,Resolved,Low
434,MSG0434,Karen Stewart,(760)361-4621x53218,30-05-2025,What college candidate address yet say other last term newspaper send end.,Rude Staff,None,0 days,None,Delivery Partner A,Resolved,Critical
435,MSG0435,Joshua Boone,001-331-765-4377x6044,02-05-2025,Across still too personal not southern decision model try these test.,Missing Item,None,0 days,None,Delivery Partner B,Escalated,Medium
436,MSG0436,Eric Harris,674-922-0144x516,02-06-2025,Pressure serve I take fear practice.,Damaged Product,None,0 days,None,Delivery Partner A,Resolved,Critical
437,MSG0437,Christine Good,001-520-112-5361x663,04-06-2025,Response measure old believe maintain worker claim development loss treatment shake leave.,Missing Item,None,0 days,None,Warehouse,Resolved,Critical
438,MSG0438,Marcus Foley,954-709-0183x879,23-05-2025,Kid board specific see yeah create fill door.,Missing Item,None,0 days,None,In-house Logistics,Pending,Low
439,MSG0439,Alexandria Nguyen,447.294.2177x10388,17-05-2025,Spend plant recently tell point music majority.,Late Delivery,Weather,2 days,None,Delivery Partner A,Resolved,High
440,MSG0440,Pamela Stewart,022-693-3239x3227,31-01-2025,Create official compare anything realize unit network bank drug word billion.,Damaged Product,None,0 days,Broken seal,In-house Logistics,Pending,Critical
441,MSG0441,James Clements,4107580758,03-03-2025,Writer here poor less else try letter factor various discussion soldier science.,Late Delivery,Technical Issue,3 days,None,In-house Logistics,Resolved,Critical
442,MSG0442,Raymond Carter,727.949.2094x16479,06-06-2025,Scene his for police money there need success.,Late Delivery,Weather,4 days,None,In-house Logistics,Escalated,Low
443,MSG0443,Ashley Cross MD,+1-768-812-9532x0305,29-05-2025,Side direction wind statement should anything.,Late Delivery,Staff Shortage,1 days,None,Warehouse,Resolved,High
444,MSG0444,William Blackburn,001-318-773-0884,26-05-2025,Often carry seek probably both ok.,Damaged Product,None,0 days,Cracked item,In-house Logistics,Escalated,Low
445,MSG0445,Erin Phillips,133.012.6038x664,25-04-2025,Cost today able agree hope whatever result need.,Missing Item,None,0 days,None,Delivery Partner A,Escalated,Medium
446,MSG0446,Catherine Nelson,3775441298,22-03-2025,Several past I bag get material sister admit wish deal.,Missing Item,None,0 days,None,Warehouse,Pending,Critical
447,MSG0447,Donna Johnson,+1-935-812-5682x7857,15-02-2025,Woman year could far reveal morning deep general today million.,Late Delivery,Weather,1 days,None,Warehouse,Pending,Low
448,MSG0448,Brian Allen,538-688-5292x46838,30-04-2025,Mouth professional guy plant walk fly live.,Wrong Item,None,0 days,None,Delivery Partner B,Pending,Critical
449,MSG0449,Mark Tran,178-124-0309x59817,04-03-2025,Sport set nor model matter consider day serious whether everyone wish of world include.,Rude Staff,None,0 days,None,Delivery Partner B,Pending,High
450,MSG0450,Ashlee Cervantes,001-759-303-0161x440,10-06-2025,Home professional thought role by throw page current kid adult hold to.,Late Delivery,Traffic,3 days,None,In-house Logistics,Pending,High
451,MSG0451,Christopher Scott,3553509223,05-05-2025,Bed foreign themselves economic consider idea condition.,Rude Staff,None,0 days,None,Delivery Partner A,Pending,Medium
452,MSG0452,Christopher Wilkins,720.256.8079x4159,26-01-2025,Fast movie similar then though reveal not military network pick manager worry scene.,Damaged Product,None,0 days,Cracked item,In-house Logistics,Escalated,Medium
453,MSG0453,Bethany Thomas,001-999-059-5700x921,14-05-2025,Better improve process involve claim see artist traditional west.,Rude Staff,None,0 days,None,Warehouse,Resolved,Critical
454,MSG0454,Kenneth Rich,001-569-258-5637x421,20-02-2025,Lead with else very model voice red PM region property present truth.,Wrong Item,None,0 days,None,Warehouse,Pending,Medium
455,MSG0455,Mary Hamilton,001-948-951-1649x1735,05-05-2025,Rest continue house teach she certainly how lead stay sense paper standard center.,Missing Item,None,0 days,None,Warehouse,Pending,Critical
456,MSG0456,Courtney Vega,326.267.6126x38075,17-03-2025,Offer music society college race recently life despite test position skin.,Damaged Product,None,0 days,Cracked item,Delivery Partner B,Escalated,Low
457,MSG0457,Tracey Peterson,001-767-704-2391x2596,03-06-2025,Likely reality or learn political matter.,Late Delivery,None,5 days,None,Delivery Partner B,Pending,Critical
458,MSG0458,Catherine Mills,+1-063-598-5848x8840,24-03-2025,Else audience seat billion with discover.,Rude Staff,None,0 days,None,Delivery Partner A,Escalated,Medium
459,MSG0459,Matthew Flynn,001-469-592-4537x231,26-02-2025,Nation suggest foreign right role ground toward.,Late Delivery,Weather,2 days,None,Delivery Partner B,Escalated,Medium
460,MSG0460,Samantha Hull,001-936-155-3723x56034,23-03-2025,Charge top you program do debate professional.,Wrong Item,None,0 days,None,Delivery Partner A,Resolved,High
461,MSG0461,Anna Chen,001-946-386-1788,25-02-2025,Huge ahead choice law door cause.,Missing Item,None,0 days,None,Delivery Partner B,Escalated,High
462,MSG0462,James Mann,881-431-7524,04-06-2025,Ever high place most term present also board buy board.,Late Delivery,Staff Shortage,5 days,None,Delivery Partner A,Pending,Medium
463,MSG0463,Robert Hall,301.445.0411,26-05-2025,Interest news through during soon his.,Late Delivery,Traffic,1 days,None,Delivery Partner B,Escalated,Low
464,MSG0464,Christina Graves,637-831-1959,08-02-2025,Catch training adult similar specific even president day bag.,Damaged Product,None,0 days,Cracked item,Delivery Partner B,Pending,High
465,MSG0465,Andrew Soto,475-902-4021,13-03-2025,Commercial cup on human last exist.,Rude Staff,None,0 days,None,Warehouse,Pending,Medium
466,MSG0466,Haley Smith,-6797,25-02-2025,Least play yet power certain edge decide available.,Late Delivery,Staff Shortage,4 days,None,Delivery Partner B,Pending,Critical
467,MSG0467,Jennifer Hughes,2702998628,16-01-2025,Political kind run more total central continue product.,Damaged Product,None,0 days,Leaking,Delivery Partner A,Escalated,Low
468,MSG0468,Maria Pacheco,(800)466-1390,11-05-2025,Civil us form guess type happy place meet.,Damaged Product,None,0 days,Cracked item,In-house Logistics,Escalated,Low
469,MSG0469,Cindy Harrington,716.882.4825,01-05-2025,Economic character son whole several full continue turn message west team.,Missing Item,None,0 days,None,Delivery Partner A,Resolved,Medium
470,MSG0470,Christopher Moore,(092)242-5943x711,02-04-2025,Coach common huge admit knowledge family enough treatment white suggest natural.,Rude Staff,None,0 days,None,In-house Logistics,Escalated,Critical
471,MSG0471,Carla Neal,001-637-335-6623x620,21-03-2025,Risk learn sound soldier indeed cell too theory.,Wrong Item,None,0 days,None,In-house Logistics,Pending,Critical
472,MSG0472,Adam Flynn,+1-705-460-0138x375,05-03-2025,Under whole it rate whose church wall cover least why senior.,Rude Staff,None,0 days,None,Delivery Partner A,Escalated,High
473,MSG0473,Holly Bridges,897.865.2212x94870,08-01-2025,Cost character full sound another support not finally address radio.,Damaged Product,None,0 days,Cracked item,Warehouse,Resolved,Critical
474,MSG0474,Miss Stephanie Rivera,(478)911-1804x81919,17-03-2025,Town phone left also industry bed.,Damaged Product,None,0 days,None,In-house Logistics,Resolved,Low
475,MSG0475,Cameron Rogers,001-284-131-3673x080,17-05-2025,Put along international environment none never source show win imagine several including specific.,Rude Staff,None,0 days,None,In-house Logistics,Escalated,Medium
476,MSG0476,Benjamin Bautista,4419223736,25-04-2025,Lawyer them order amount protect note.,Damaged Product,None,0 days,Scratched surface,In-house Logistics,Pending,High
477,MSG0477,Scott Dominguez,388.395.6574x962,08-02-2025,Scene us all raise leave case four address Congress option chance live agency.,Missing Item,None,0 days,None,Delivery Partner B,Escalated,Low
478,MSG0478,David Cruz,+1-111-269-4620x214,09-05-2025,Miss garden college evening value help brother.,Late Delivery,None,3 days,None,Delivery Partner A,Escalated,Critical
479,MSG0479,Tiffany Mckinney,(058)269-3273x3081,30-01-2025,Individual time goal understand thus require career TV charge name.,Rude Staff,None,0 days,None,Delivery Partner A,Escalated,Critical
480,MSG0480,Jacob Smith,581-880-1363x38365,04-02-2025,Institution adult evidence moment issue five agent available prepare.,Late Delivery,None,3 days,None,Delivery Partner B,Resolved,High
481,MSG0481,Amanda Campbell,669-877-4463x4384,13-06-2025,Possible term operation result act describe major war information beat item.,Rude Staff,None,0 days,None,Delivery Partner B,Escalated,Medium
482,MSG0482,Angela Jones,(520)754-0629x299,24-03-2025,Dog leave enter minute realize anything protect office image since discuss.,Missing Item,None,0 days,None,Delivery Partner B,Escalated,Critical
483,MSG0483,Thomas Dixon,(472)879-7037,24-02-2025,Report term gun future try sort surface fight poor.,Missing Item,None,0 days,None,Delivery Partner B,Escalated,Medium
484,MSG0484,Dawn Carroll,(763)098-5889x830,09-01-2025,Little plan lot conference top upon wear political watch ball daughter animal artist.,Late Delivery,Traffic,2 days,None,Delivery Partner B,Pending,Critical
485,MSG0485,Jeffrey Mcdaniel,001-351-329-1875,04-06-2025,Office half sure nation body accept similar.,Late Delivery,Technical Issue,3 days,None,Delivery Partner A,Escalated,Critical
486,MSG0486,Melanie Lee,+1-389-223-4395x9191,18-02-2025,Team health sing after it candidate unit shoulder member training film.,Rude Staff,None,0 days,None,Warehouse,Pending,Medium
487,MSG0487,James Webb,001-188-200-8125x04554,26-02-2025,President same song development section under instead body especially size from.,Wrong Item,None,0 days,None,Delivery Partner B,Resolved,Medium
488,MSG0488,Jason Martin,4022169306,31-03-2025,Share hand worry these dinner coach who bit.,Rude Staff,None,0 days,None,Delivery Partner A,Escalated,High
489,MSG0489,Christine Lee,604.455.9328x17288,29-04-2025,Present risk else goal pass never single item once turn catch huge red.,Missing Item,None,0 days,None,Delivery Partner B,Pending,Medium
490,MSG0490,Brandon Cole,+1-411-069-7253x9395,11-06-2025,Box property be fund score hand guess activity card among then.,Missing Item,None,0 days,None,Warehouse,Escalated,Low
491,MSG0491,James Parker,001-263-248-7209x5828,08-05-2025,Manager by left add accept class source finally man mind.,Damaged Product,None,0 days,Leaking,Warehouse,Escalated,Critical
492,MSG0492,William Fletcher,591-686-7499,07-05-2025,Hair begin material compare from help movement.,Wrong Item,None,0 days,None,Delivery Partner B,Resolved,High
493,MSG0493,Justin Gonzalez,(387)287-0477x9817,08-01-2025,Exactly ground cost analysis political understand.,Missing Item,None,0 days,None,Warehouse,Escalated,Low
494,MSG0494,Pamela Ryan,+1-605-017-4551x14437,22-03-2025,Court huge similar fill skill experience break learn.,Rude Staff,None,0 days,None,In-house Logistics,Resolved,Critical
495,MSG0495,Leah Fry,(923)749-7638x0358,27-03-2025,Nation former official leader above foot loss grow.,Late Delivery,Technical Issue,3 days,None,In-house Logistics,Escalated,Low
496,MSG0496,Stephen Thomas,(844)112-4188x24558,15-02-2025,None peace measure charge himself imagine human others woman onto allow case lay later.,Missing Item,None,0 days,None,In-house Logistics,Escalated,Critical
497,MSG0497,Kristen Ayala,+1-284-620-9662x342,30-04-2025,Investment likely practice three feel bring one population challenge Mrs how economy.,Wrong Item,None,0 days,None,Warehouse,Resolved,High
498,MSG0498,Gregory Farley,001-037-392-4036x4410,08-02-2025,Apply condition enjoy table population different goal would term small.,Damaged Product,None,0 days,Broken seal,Delivery Partner B,Pending,Critical
499,MSG0499,Eric Butler,(613)583-0408x19941,27-01-2025,Lot yeah support us easy shake.,Late Delivery,Staff Shortage,5 days,None,Delivery Partner B,Escalated,Medium
500,MSG0500,Jacqueline Marshall,403.441.0297x69248,25-04-2025,Same goal history economy alone new crime specific father.,Missing Item,None,0 days,None,Warehouse,Resolved,Medium
